{"cameraMode":{"drawMode":0,"name":"Shaded","section":"Shading Mode"},"sceneLighting":true,"audioPlay":false,"sceneViewState":{"m_AlwaysRefresh":false,"showFog":true,"showSkybox":true,"showFlares":true,"showImageEffects":true,"showParticleSystems":true,"showVisualEffectGraphs":true,"m_FxEnabled":true},"in2DMode":false,"pivot":{"x":1.9589097499847413,"y":1.0590415000915528,"z":-3.503002166748047},"rotation":{"x":-0.007809640374034643,"y":0.0035963894333690407,"z":-0.000002714018364713411,"w":-0.9999871253967285},"size":7.305749416351318,"orthographic":true}