{"cameraMode":{"drawMode":0,"name":"Shaded","section":"Shading Mode"},"sceneLighting":true,"audioPlay":false,"sceneViewState":{"m_AlwaysRefresh":false,"showFog":true,"showSkybox":true,"showFlares":true,"showImageEffects":true,"showParticleSystems":true,"showVisualEffectGraphs":true,"m_FxEnabled":true},"in2DMode":false,"pivot":{"x":-4.225600242614746,"y":0.8619339466094971,"z":-8.514677047729493},"rotation":{"x":-0.06613846123218537,"y":-0.06073244288563728,"z":0.004057512618601322,"w":-0.9959833025932312},"size":5.744866371154785,"orthographic":true}