{"cameraMode":{"drawMode":0,"name":"Shaded","section":"Shading Mode"},"sceneLighting":true,"audioPlay":false,"sceneViewState":{"m_AlwaysRefresh":false,"showFog":true,"showSkybox":true,"showFlares":true,"showImageEffects":true,"showParticleSystems":true,"showVisualEffectGraphs":true,"m_FxEnabled":true},"in2DMode":false,"pivot":{"x":-4.225600242614746,"y":0.8619339466094971,"z":-8.514677047729493},"rotation":{"x":0.009204731322824955,"y":0.8944677710533142,"z":0.018530014902353288,"w":-0.4467313289642334},"size":5.718314170837402,"orthographic":true}